{"cameraMode":{"drawMode":0,"name":"Shaded","section":"Shading Mode"},"sceneLighting":true,"audioPlay":false,"sceneViewState":{"showFog":true,"showMaterialUpdate":false,"showSkybox":true,"showFlares":true,"showImageEffects":true,"showParticleSystems":true,"showVisualEffectGraphs":true,"m_FxEnabled":true},"in2DMode":false,"pivot":{"x":-0.05227728188037872,"y":6.283477306365967,"z":-2.2916178703308107},"rotation":{"x":-0.058448974043130878,"y":-0.0305454283952713,"z":0.0017892173491418362,"w":-0.997821569442749},"size":0.9083163142204285,"orthographic":false}